Workbook

Sheet Repartidores
A1: Repartidor | B1: Stack | C1: Switch | D1: Puerto | E1: Latiguillo | F1: VLAN | G1: Roseta | H1: Fecha | I1: Notas | J1: Shutdown
A2: 1 | B2: 1 | C2: 1 | D2: 1 | E2: 1001 | F2: 48 | G2: 1-001
A3: 1 | B3: 1 | C3: 1 | D3: 2 | E3: 1002 | F3: 48 | G3: 1-002
A4: 1 | B4: 1 | C4: 1 | D4: 3 | E4: 1003 | F4: 48 | G4: 1-003
A5: 1 | B5: 1 | C5: 1 | D5: 4 | E5: 1004 | F5: 48 | G5: 1-004
A6: 1 | B6: 1 | C6: 1 | D6: 5 | E6: 1005 | F6: 48 | G6: 1-006
A7: 1 | B7: 1 | C7: 1 | D7: 6 | E7: 1006 | F7: 48 | G7: 1-007
A8: 1 | B8: 1 | C8: 1 | D8: 7 | E8: 1007 | F8: 48 | G8: 1-011
A9: 1 | B9: 1 | C9: 1 | D9: 8 | E9: 1008 | F9: 48 | G9: 1-009
A10: 1 | B10: 1 | C10: 1 | D10: 9 | E10: 1009 | F10: 48 | G10: 1-010
A11: 1 | B11: 1 | C11: 1 | D11: 10 | E11: 1010 | F11: 66 | G11: 1-012
A12: 1 | B12: 1 | C12: 1 | D12: 11 | E12: 1011 | F12: 48 | G12: 1-013
A13: 1 | B13: 1 | C13: 1 | D13: 12 | E13: 1012 | F13: 48 | G13: 1-015
A14: 1 | B14: 1 | C14: 1 | D14: 13 | E14: 1013 | F14: 48 | G14: 1-016
... A16: 1 | B16: 1 | C16: 1 | D16: 15 | E16: 1015 | F16: 48 | G16: 1-020
A17: 1 | B17: 1 | C17: 1 | D17: 16 | E17: 1016 | F17: 48 | G17: 1-022
A18: 1 | B18: 1 | C18: 1 | D18: 17 | E18: 1017 | F18: 48 | G18: 1-024
A19: 1 | B19: 1 | C19: 1 | D19: 18 | E19: 1018 | F19: 44 | G19: 1-005
A20: 1 | B20: 1 | C20: 1 | D20: 19 | E20: 1019 | F20: 48 | G20: 1-032
A21: 1 | B21: 1 | C21: 1 | D21: 20 | E21: 1020 | F21: 44 | G21: 1-021
A22: 1 | B22: 1 | C22: 1 | D22: 21 | E22: 1021 | F22: 48 | G22: 1-152
A23: 1 | B23: 1 | C23: 1 | D23: 22 | E23: 1022 | F23: 48 | G23: 1-028
A24: 1 | B24: 1 | C24: 1 | D24: 23 | E24: 1023 | F24: 48 | G24: 1-008
A25: 1 | B25: 1 | C25: 1 | D25: 24 | E25: 1024 | F25: 48 | G25: 1-023
A26: 1 | B26: 1 | C26: 1 | D26: 25 | E26: 1025 | F26: 48 | G26: 1-029
A27: 1 | B27: 1 | C27: 1 | D27: 26 | E27: 1026 | F27: 48 | G27: 1-030
A28: 1 | B28: 1 | C28: 1 | D28: 27 | E28: 1027 | F28: 48 | G28: 1-031
A29: 1 | B29: 1 | C29: 1 | D29: 28 | E29: 1028 | F29: 44 | G29: 1-061
A30: 1 | B30: 1 | C30: 1 | D30: 29 | E30: 1029 | F30: 48 | G30: 1-034
A31: 1 | B31: 1 | C31: 1 | D31: 30 | E31: 360 | F31: 48 | G31: 1-036
A32: 1 | B32: 1 | C32: 1 | D32: 31 | E32: 1031 | F32: 48 | G32: 1-09V
A33: 1 | B33: 1 | C33: 1 | D33: 32 | E33: 1032 | F33: 48 | G33: 1-038
A34: 1 | B34: 1 | C34: 1 | D34: 33 | E34: 1033 | F34: 48 | G34: 1-039
A35: 1 | B35: 1 | C35: 1 | D35: 34 | E35: 1034 | F35: 48 | G35: 1-040
A36: 1 | B36: 1 | C36: 1 | D36: 35 | E36: 1035 | F36: 48 | G36: 1-041
A37: 1 | B37: 1 | C37: 1 | D37: 36 | E37: 1036 | F37: 48 | G37: 1-042
A38: 1 | B38: 1 | C38: 1 | D38: 37 | E38: 1037 | F38: 48 | G38: 1-046
A39: 1 | B39: 1 | C39: 1 | D39: 38 | E39: 1038 | F39: 44 | G39: 1-065
A40: 1 | B40: 1 | C40: 1 | D40: 39 | E40: 1039 | F40: 44 | G40: 1-055
A41: 1 | B41: 1 | C41: 1 | D41: 40 | E41: 1040 | F41: 48 | G41: 1-044
A42: 1 | B42: 1 | C42: 1 | D42: 41 | E42: 1041 | F42: 48 | G42: 1-072
A43: 1 | B43: 1 | C43: 1 | D43: 42 | E43: 1042 | F43: 44 | G43: 1-064
... A63: 1 | B63: 1 | C63: 2 | D63: 14 | E63: 1062 | F63: 48 | G63: 1-085
A64: 1 | B64: 1 | C64: 2 | D64: 15 | E64: 313 | F64: 66 | G64: R4-1
A65: 1 | B65: 1 | C65: 2 | D65: 16 | E65: 513 | F65: 44 | G65: R0/2-1
A66: 1 | B66: 1 | C66: 2 | D66: 17 | E66: 1065 | F66: 66 | G66: 1-089
A67: 1 | B67: 1 | C67: 2 | D67: 18 | E67: 1066 | F67: 66 | G67: 1-090
A68: 1 | B68: 1 | C68: 2 | D68: 19 | E68: 1067 | F68: 48 | G68: 1-102
A69: 1 | B69: 1 | C69: 2 | D69: 20 | E69: 1068 | F69: 48 | G69: 1-106
A70: 1 | B70: 1 | C70: 2 | D70: 21 | E70: 1069 | F70: 66 | G70: 1-112
A71: 1 | B71: 1 | C71: 2 | D71: 22 | E71: 1070 | F71: 48 | G71: 1-099
A72: 1 | B72: 1 | C72: 2 | D72: 23 | E72: 1071 | F72: 48 | G72: 1-154
A73: 1 | B73: 1 | C73: 2 | D73: 24 | E73: 1072 | F73: 48 | G73: 1-336
A74: 1 | B74: 1 | C74: 2 | D74: 25 | E74: 1073 | F74: 66 | G74: 1-113
A75: 1 | B75: 1 | C75: 2 | D75: 26 | E75: 1074 | F75: 44 | G75: 1-180
A76: 1 | B76: 1 | C76: 2 | D76: 27 | E76: 1075 | F76: 67 | G76: 1-147
A77: 1 | B77: 1 | C77: 2 | D77: 28 | E77: 1076 | F77: 66 | G77: 1-138
A78: 1 | B78: 1 | C78: 2 | D78: 29 | E78: 1077 | F78: 48 | G78: 1-126
A79: 1 | B79: 1 | C79: 2 | D79: 30 | E79: 1078 | F79: 66 | G79: 1-144
A80: 1 | B80: 1 | C80: 2 | D80: 31 | E80: 1079 | F80: 48 | G80: 1-134
A81: 1 | B81: 1 | C81: 2 | D81: 32 | E81: 1080 | F81: 44 | G81: 1-150
A82: 1 | B82: 1 | C82: 2 | D82: 33 | E82: 1081 | F82: 44 | G82: 1-136
A83: 1 | B83: 1 | C83: 2 | D83: 34 | E83: 1082 | F83: 48 | G83: 1-139
A84: 1 | B84: 1 | C84: 2 | D84: 35 | E84: 1083 | F84: 48 | G84: 1-140
A85: 1 | B85: 1 | C85: 2 | D85: 36 | E85: 1084 | F85: 48 | G85: 1-141
A86: 1 | B86: 1 | C86: 2 | D86: 37 | E86: 1085 | F86: 48 | G86: 1-142
A87: 1 | B87: 1 | C87: 2 | D87: 38 | E87: 1086 | F87: 48 | G87: 1-162
A88: 1 | B88: 1 | C88: 2 | D88: 39 | E88: 1087 | F88: 44 | G88: 1-137
A89: 1 | B89: 1 | C89: 2 | D89: 40 | E89: 500 | F89: 48 | G89: 1-109
A90: 1 | B90: 1 | C90: 2 | D90: 41 | E90: 1089 | F90: 48 | G90: 1-145
A91: 1 | B91: 1 | C91: 2 | D91: 42 | E91: 1090 | F91: 44 | G91: 1-146
A92: 1 | B92: 1 | C92: 2 | D92: 43 | E92: 1091 | F92: 48 | G92: 1-171
A93: 1 | B93: 1 | C93: 2 | D93: 44 | E93: 1092 | F93: 44 | G93: 1-149
A94: 1 | B94: 1 | C94: 2 | D94: 45 | E94: 1093 | F94: 66 | G94: 1-G04
A95: 1 | B95: 1 | C95: 2 | D95: 46 | E95: A77 | F95: 48 | G95: 1-332
A96: 1 | B96: 1 | C96: 2 | D96: 47 | E96: 1095 | F96: 48 | G96: 1-157
A97: 1 | B97: 1 | C97: 2 | D97: 48 | E97: 1096 | F97: 48 | G97: 1-158
A98: 1 | B98: 1 | C98: 3 | D98: 1 | E98: 1097 | F98: 48 | G98: 1-159
A99: 1 | B99: 1 | C99: 3 | D99: 2 | E99: 1098 | F99: 48 | G99: 1-160
A100: 1 | B100: 1 | C100: 3 | D100: 3 | E100: 1099 | F100: 48 | G100: 1-165
A101: 1 | B101: 1 | C101: 3 | D101: 4 | E101: 1100 | F101: 48 | G101: 1-207
A102: 1 | B102: 1 | C102: 3 | D102: 5 | E102: 1101 | F102: 66 | G102: 1-G05
A103: 1 | B103: 1 | C103: 3 | D103: 6 | E103: 1102 | F103: 48 | G103: IPB2
A104: 1 | B104: 1 | C104: 3 | D104: 7 | E104: 1103 | F104: 66 | G104: 1-312
A105: 1 | B105: 1 | C105: 3 | D105: 8 | E105: 1104 | F105: 44 | G105: 1-247
A106: 1 | B106: 1 | C106: 3 | D106: 9 | E106: 1105 | F106: 44 | G106: 1-217
A107: 1 | B107: 1 | C107: 3 | D107: 10 | E107: 1106 | F107: 44 | G107: 1-219
... A112: 1 | B112: 1 | C112: 3 | D112: 15 | E112: 1111 | F112: 48 | G112: 1-172
A113: 1 | B113: 1 | C113: 3 | D113: 16 | E113: A52 | F113: 66 | G113: R4-2
A114: 1 | B114: 1 | C114: 3 | D114: 17 | E114: 1113 | F114: 48 | G114: 1-333
A115: 1 | B115: 1 | C115: 3 | D115: 18 | E115: 1114 | F115: 48 | G115: 1-240
A116: 1 | B116: 1 | C116: 3 | D116: 19 | E116: 1115 | F116: 48 | G116: 1-G01
A117: 1 | B117: 1 | C117: 3 | D117: 20 | E117: 1116 | F117: 48 | G117: 1-G03
A118: 1 | B118: 1 | C118: 3 | D118: 21 | E118: 1117 | F118: 48 | G118: 1-335
A119: 1 | B119: 1 | C119: 3 | D119: 22 | E119: 1118 | F119: 48 | G119: 1-331
A120: 1 | B120: 1 | C120: 3 | D120: 23 | E120: 1119 | F120: 44 | G120: 1-223
A121: 1 | B121: 1 | C121: 3 | D121: 24 | E121: 1120 | F121: 66 | G121: 1-307
A122: 1 | B122: 1 | C122: 3 | D122: 25 | E122: 1121 | F122: 44 | G122: 1-174
A123: 1 | B123: 1 | C123: 3 | D123: 26 | E123: 1122 | F123: 48 | G123: 1-175
A124: 1 | B124: 1 | C124: 3 | D124: 27 | E124: 1123 | F124: 44 | G124: 1-248
...

Sheet Rosetas
A1: Roseta | B1: Repartidor | C1: Panel | D1: Ubicación | E1: Dispositivo 1 | F1: Dato 1 | G1: Dispositivo 2 | H1: Dato 2
A2: 1-001 | B2: 1 | C2: 1
A3: 1-002 | B3: 1 | C3: 1
A4: 1-003 | B4: 1 | C4: 1
A5: 1-004 | B5: 1 | C5: 1
A6: 1-005 | B6: 1 | C6: 1
A7: 1-006 | B7: 1 | C7: 1
A8: 1-007 | B8: 1 | C8: 1
A9: 1-008 | B9: 1 | C9: 1
A10: 1-009 | B10: 1 | C10: 1
A11: 1-010 | B11: 1 | C11: 1
A12: 1-011 | B12: 1 | C12: 1
A13: 1-012 | B13: 1 | C13: 1
... A650: 2-283 | B650: 2 | C650: 12
A651: 2-284 | B651: 2 | C651: 12 | F651: agarces
A652: 2-285 | B652: 2 | C652: 12
A653: 2-286 | B653: 2 | C653: 12
A654: 2-287 | B654: 2 | C654: 12
A655: 2-288 | B655: 2 | C655: 12
A656: 2-289 | B656: 2 | C656: 13
A657: 2-290 | B657: 2 | C657: 13
A658: 2-291 | B658: 2 | C658: 13
A659: 2-292 | B659: 2 | C659: 13
A660: 2-293 | B660: 2 | C660: 13
A661: 2-294 | B661: 2 | C661: 13
A662: 2-295 | B662: 2 | C662: 13
A663: 2-296 | B663: 2 | C663: 13
... A1493: 5-002 | B1493: 5 | C1493: 1
A1494: 5-003 | B1494: 5 | C1494: 1 | D1494: Ampliación oficinas sur (despacho) | F1494: pbesman
A1495: 5-004 | B1495: 5 | C1495: 1
A1496: 5-005 | B1496: 5 | C1496: 1
A1497: 5-006 | B1497: 5 | C1497: 1
A1498: 5-007 | B1498: 5 | C1498: 1
A1499: 5-008 | B1499: 5 | C1499: 1 | D1499: Ampliación oficinas sur (despacho) | E1499: Pcs-lpt-237 | F1499: ipcalleja
A1500: 5-009 | B1500: 5 | C1500: 1
A1501: 5-010 | B1501: 5 | C1501: 1 | E1501: pcs-lpt-096 | F1501: dcmartinez
A1502: 5-011 | B1502: 5 | C1502: 1
A1503: 5-012 | B1503: 5 | C1503: 1
A1504: 5-013 | B1504: 5 | C1504: 1
A1505: 5-014 | B1505: 5 | C1505: 1
A1506: 5-015 | B1506: 5 | C1506: 1
A1507: 5-016 | B1507: 5 | C1507: 1
A1508: 5-017 | B1508: 5 | C1508: 1
A1509: 5-018 | B1509: 5 | C1509: 1
A1510: 5-019 | B1510: 5 | C1510: 1 | E1510: Pcs-lpt-290 | F1510: Csainzdeaja
A1511: 5-020 | B1511: 5 | C1511: 1
A1512: 5-021 | B1512: 5 | C1512: 1
A1513: 5-022 | B1513: 5 | C1513: 1
A1514: 5-023 | B1514: 5 | C1514: 1
A1515: 5-024 | B1515: 5 | C1515: 1
A1516: 5-025 | B1516: 5 | C1516: 2
A1517: 5-026 | B1517: 5 | C1517: 2
A1518: 5-027 | B1518: 5 | C1518: 2
A1519: 5-028 | B1519: 5 | C1519: 2
A1520: 5-029 | B1520: 5 | C1520: 2
A1521: 5-030 | B1521: 5 | C1521: 2
A1522: 5-031 | B1522: 5 | C1522: 2
... A1555: 5-064 | B1555: 5 | C1555: 3
A1556: 5-065 | B1556: 5 | C1556: 3 | E1556: Pcs-lpt-085 | F1556: bgordon | I1556: 46231.497
A1557: 5-066 | B1557: 5 | C1557: 3
A1558: 5-067 | B1558: 5 | C1558: 3
A1559: 5-068 | B1559: 5 | C1559: 3
A1560: 5-069 | B1560: 5 | C1560: 3
A1561: 5-070 | B1561: 5 | C1561: 3
A1562: 5-071 | B1562: 5 | C1562: 3
A1563: 5-072 | B1563: 5 | C1563: 3
A1564: 5-073 | B1564: 5 | C1564: 4
A1565: 5-074 | B1565: 5 | C1565: 4
A1566: 5-075 | B1566: 5 | C1566: 4
A1567: 5-076 | B1567: 5 | C1567: 4
A1568: 5-077 | B1568: 5 | C1568: 4
... A1613: 5-122 | B1613: 5 | C1613: 6
A1614: L500 | B1614: 1 | C1614: n/a
A1615: L673 | B1615: 3 | C1615: n/a
A1616: L699 | B1616: 1 | C1616: n/a
A1617: R0/2-1 | B1617: 1 | C1617: n/a
A1618: R3-1 | B1618: 2 | C1618: n/a
A1619: R4-1 | B1619: 1 | C1619: n/a
A1620: R4-2 | B1620: 1 | C1620: n/a
A1621: R4-3 | B1621: 1 | C1621: n/a
A1622: R4-4 | B1622: 1 | C1622: n/a
A1623: R4-5 | B1623: 1 | C1623: n/a
A1624: R4-6 | B1624: 1 | C1624: n/a
A1625: R4-7 | B1625: 1 | C1625: n/a
... A1627: R4-9 | B1627: 1 | C1627: n/a

Sheet Parcheo de campo (Solo Lectura)
A1: Repartidor | B1: Stack | C1: Switch | D1: Puerto | E1: Latiguillo | F1: VLAN | G1: Panel | H1: Roseta | I1: Ubicación | J1: Dispositivo 1 | K1: Dato 1 | L1: Dispositivo 2 | M1: Dato 2
A2: =Repartidores!A2 -> 1 | B2: =Repartidores!B2 -> 1 | C2: =Repartidores!C2 -> 1 | D2: =Repartidores!D2 -> 1 | E2: =Repartidores!E2 -> 1001 | F2: =Repartidores!F2 -> 48 | G2: =VLOOKUP(H2,Rosetas!A:H,3,FALSE()) -> 1 | H2: 1-001
A3: =Repartidores!A3 -> 1 | B3: =Repartidores!B3 -> 1 | C3: =Repartidores!C3 -> 1 | D3: =Repartidores!D3 -> 2 | E3: =Repartidores!E3 -> 1002 | F3: =Repartidores!F3 -> 48 | G3: =VLOOKUP(H3,Rosetas!A:H,3,FALSE()) -> 1 | H3: 1-002
A4: =Repartidores!A4 -> 1 | B4: =Repartidores!B4 -> 1 | C4: =Repartidores!C4 -> 1 | D4: =Repartidores!D4 -> 3 | E4: =Repartidores!E4 -> 1003 | F4: =Repartidores!F4 -> 48 | G4: =VLOOKUP(H4,Rosetas!A:H,3,FALSE()) -> 1 | H4: 1-003
A5: =Repartidores!A5 -> 1 | B5: =Repartidores!B5 -> 1 | C5: =Repartidores!C5 -> 1 | D5: =Repartidores!D5 -> 4 | E5: =Repartidores!E5 -> 1004 | F5: =Repartidores!F5 -> 48 | G5: =VLOOKUP(H5,Rosetas!A:H,3,FALSE()) -> 1 | H5: 1-004
A6: =Repartidores!A6 -> 1 | B6: =Repartidores!B6 -> 1 | C6: =Repartidores!C6 -> 1 | D6: =Repartidores!D6 -> 5 | E6: =Repartidores!E6 -> 1005 | F6: =Repartidores!F6 -> 48 | G6: =VLOOKUP(H6,Rosetas!A:H,3,FALSE()) -> 1 | H6: 1-006
A7: =Repartidores!A7 -> 1 | B7: =Repartidores!B7 -> 1 | C7: =Repartidores!C7 -> 1 | D7: =Repartidores!D7 -> 6 | E7: =Repartidores!E7 -> 1006 | F7: =Repartidores!F7 -> 48 | G7: =VLOOKUP(H7,Rosetas!A:H,3,FALSE()) -> 1 | H7: 1-007
A8: =Repartidores!A8 -> 1 | B8: =Repartidores!B8 -> 1 | C8: =Repartidores!C8 -> 1 | D8: =Repartidores!D8 -> 7 | E8: =Repartidores!E8 -> 1007 | F8: =Repartidores!F8 -> 48 | G8: =VLOOKUP(H8,Rosetas!A:H,3,FALSE()) -> 1 | H8: 1-011
A9: =Repartidores!A9 -> 1 | B9: =Repartidores!B9 -> 1 | C9: =Repartidores!C9 -> 1 | D9: =Repartidores!D9 -> 8 | E9: =Repartidores!E9 -> 1008 | F9: =Repartidores!F9 -> 48 | G9: =VLOOKUP(H9,Rosetas!A:H,3,FALSE()) -> 1 | H9: 1-009
A10: =Repartidores!A10 -> 1 | B10: =Repartidores!B10 -> 1 | C10: =Repartidores!C10 -> 1 | D10: =Repartidores!D10 -> 9 | E10: =Repartidores!E10 -> 1009 | F10: =Repartidores!F10 -> 48 | G10: =VLOOKUP(H10,Rosetas!A:H,3,FALSE()) -> 1 | H10: 1-010
A11: =Repartidores!A11 -> 1 | B11: =Repartidores!B11 -> 1 | C11: =Repartidores!C11 -> 1 | D11: =Repartidores!D11 -> 10 | E11: =Repartidores!E11 -> 1010 | F11: =Repartidores!F11 -> 66 | G11: =VLOOKUP(H11,Rosetas!A:H,3,FALSE()) -> 1 | H11: 1-012
A12: =Repartidores!A12 -> 1 | B12: =Repartidores!B12 -> 1 | C12: =Repartidores!C12 -> 1 | D12: =Repartidores!D12 -> 11 | E12: =Repartidores!E12 -> 1011 | F12: =Repartidores!F12 -> 48 | G12: =VLOOKUP(H12,Rosetas!A:H,3,FALSE()) -> 1 | H12: 1-013
A13: =Repartidores!A13 -> 1 | B13: =Repartidores!B13 -> 1 | C13: =Repartidores!C13 -> 1 | D13: =Repartidores!D13 -> 12 | E13: =Repartidores!E13 -> 1012 | F13: =Repartidores!F13 -> 48 | G13: =VLOOKUP(H13,Rosetas!A:H,3,FALSE()) -> 1 | H13: 1-015
... A194: =Repartidores!A194 -> 1 | B194: =Repartidores!B194 -> 1 | C194: =Repartidores!C194 -> 5 | D194: =Repartidores!D194 -> 1 | E194: =Repartidores!E194 -> 289 | F194: =Repartidores!F194 -> 48 | G194: =VLOOKUP(H194,Rosetas!A:H,3,FALSE()) -> 7 | H194: 1-166
A195: =Repartidores!A195 -> 1 | B195: =Repartidores!B195 -> 1 | C195: =Repartidores!C195 -> 5 | D195: =Repartidores!D195 -> 2 | E195: =Repartidores!E195 -> - | F195: =Repartidores!F195 -> 48 | G195: =VLOOKUP(H195,Rosetas!A:H,3,FALSE()) -> -
A196: =Repartidores!A196 -> 1 | B196: =Repartidores!B196 -> 1 | C196: =Repartidores!C196 -> 5 | D196: =Repartidores!D196 -> 3 | E196: =Repartidores!E196 -> 608 | F196: =Repartidores!F196 -> 48 | G196: =VLOOKUP(H196,Rosetas!A:H,3,FALSE()) -> 4 | H196: 1-094
A197: =Repartidores!A197 -> 1 | B197: =Repartidores!B197 -> 1 | C197: =Repartidores!C197 -> 5 | D197: =Repartidores!D197 -> 4 | E197: =Repartidores!E197 -> - | F197: =Repartidores!F197 -> 48 | G197: =VLOOKUP(H197,Rosetas!A:H,3,FALSE()) -> -
A198: =Repartidores!A198 -> 1 | B198: =Repartidores!B198 -> 1 | C198: =Repartidores!C198 -> 5 | D198: =Repartidores!D198 -> 5 | E198: =Repartidores!E198 -> 521 | F198: =Repartidores!F198 -> 48 | G198: =VLOOKUP(H198,Rosetas!A:H,3,FALSE()) -> 2 | H198: 1-025
A199: =Repartidores!A199 -> 1 | B199: =Repartidores!B199 -> 1 | C199: =Repartidores!C199 -> 5 | D199: =Repartidores!D199 -> 6 | E199: =Repartidores!E199 -> - | F199: =Repartidores!F199 -> 48 | G199: =VLOOKUP(H199,Rosetas!A:H,3,FALSE()) -> -
A200: =Repartidores!A200 -> 1 | B200: =Repartidores!B200 -> 1 | C200: =Repartidores!C200 -> 5 | D200: =Repartidores!D200 -> 7 | E200: =Repartidores!E200 -> 796 | F200: =Repartidores!F200 -> 48 | G200: =VLOOKUP(H200,Rosetas!A:H,3,FALSE()) -> 2 | H200: 1-026
A201: =Repartidores!A201 -> 1 | B201: =Repartidores!B201 -> 1 | C201: =Repartidores!C201 -> 5 | D201: =Repartidores!D201 -> 8 | E201: =Repartidores!E201 -> - | F201: =Repartidores!F201 -> 48 | G201: =VLOOKUP(H201,Rosetas!A:H,3,FALSE()) -> -
A202: =Repartidores!A202 -> 1 | B202: =Repartidores!B202 -> 1 | C202: =Repartidores!C202 -> 5 | D202: =Repartidores!D202 -> 9 | E202: =Repartidores!E202 -> A102 | F202: =Repartidores!F202 -> 48 | G202: =VLOOKUP(H202,Rosetas!A:H,3,FALSE()) -> 4 | H202: 1-076
A203: =Repartidores!A203 -> 1 | B203: =Repartidores!B203 -> 1 | C203: =Repartidores!C203 -> 5 | D203: =Repartidores!D203 -> 10 | E203: =Repartidores!E203 -> - | F203: =Repartidores!F203 -> 48 | G203: =VLOOKUP(H203,Rosetas!A:H,3,FALSE()) -> -
A204: =Repartidores!A204 -> 1 | B204: =Repartidores!B204 -> 1 | C204: =Repartidores!C204 -> 5 | D204: =Repartidores!D204 -> 11 | E204: =Repartidores!E204 -> 106 | F204: =Repartidores!F204 -> 48 | G204: =VLOOKUP(H204,Rosetas!A:H,3,FALSE()) -> 8 | H204: 1-02V
A205: =Repartidores!A205 -> 1 | B205: =Repartidores!B205 -> 1 | C205: =Repartidores!C205 -> 5 | D205: =Repartidores!D205 -> 12 | E205: =Repartidores!E205 -> - | F205: =Repartidores!F205 -> 48 | G205: =VLOOKUP(H205,Rosetas!A:H,3,FALSE()) -> -
A206: =Repartidores!A206 -> 1 | B206: =Repartidores!B206 -> 1 | C206: =Repartidores!C206 -> 5 | D206: =Repartidores!D206 -> 13 | E206: =Repartidores!E206 -> A65 | F206: =Repartidores!F206 -> 48 | G206: =VLOOKUP(H206,Rosetas!A:H,3,FALSE()) -> 5 | H206: 1-097
A207: =Repartidores!A207 -> 1 | B207: =Repartidores!B207 -> 1 | C207: =Repartidores!C207 -> 5 | D207: =Repartidores!D207 -> 14 | E207: =Repartidores!E207 -> - | F207: =Repartidores!F207 -> 48 | G207: =VLOOKUP(H207,Rosetas!A:H,3,FALSE()) -> -
A208: =Repartidores!A208 -> 1 | B208: =Repartidores!B208 -> 1 | C208: =Repartidores!C208 -> 5 | D208: =Repartidores!D208 -> 15 | E208: =Repartidores!E208 -> A100 | F208: =Repartidores!F208 -> 48 | G208: =VLOOKUP(H208,Rosetas!A:H,3,FALSE()) -> 2 | H208: 1-037
A209: =Repartidores!A209 -> 1 | B209: =Repartidores!B209 -> 1 | C209: =Repartidores!C209 -> 5 | D209: =Repartidores!D209 -> 16 | E209: =Repartidores!E209 -> - | F209: =Repartidores!F209 -> 48 | G209: =VLOOKUP(H209,Rosetas!A:H,3,FALSE()) -> -
A210: =Repartidores!A210 -> 1 | B210: =Repartidores!B210 -> 1 | C210: =Repartidores!C210 -> 5 | D210: =Repartidores!D210 -> 17 | E210: =Repartidores!E210 -> 625 | F210: =Repartidores!F210 -> 66 | G210: =VLOOKUP(H210,Rosetas!A:H,3,FALSE()) -> n/a | H210: R4-9
A211: =Repartidores!A211 -> 1 | B211: =Repartidores!B211 -> 1 | C211: =Repartidores!C211 -> 5 | D211: =Repartidores!D211 -> 18 | E211: =Repartidores!E211 -> - | F211: =Repartidores!F211 -> 48 | G211: =VLOOKUP(H211,Rosetas!A:H,3,FALSE()) -> -
A212: =Repartidores!A212 -> 1 | B212: =Repartidores!B212 -> 1 | C212: =Repartidores!C212 -> 5 | D212: =Repartidores!D212 -> 19 | E212: =Repartidores!E212 -> - | F212: =Repartidores!F212 -> 66 | G212: =VLOOKUP(H212,Rosetas!A:H,3,FALSE()) -> -
A213: =Repartidores!A213 -> 1 | B213: =Repartidores!B213 -> 1 | C213: =Repartidores!C213 -> 5 | D213: =Repartidores!D213 -> 20 | E213: =Repartidores!E213 -> - | F213: =Repartidores!F213 -> 48 | G213: =VLOOKUP(H213,Rosetas!A:H,3,FALSE()) -> -
A214: =Repartidores!A214 -> 1 | B214: =Repartidores!B214 -> 1 | C214: =Repartidores!C214 -> 5 | D214: =Repartidores!D214 -> 21 | E214: =Repartidores!E214 -> 1854 | F214: =Repartidores!F214 -> 66 | G214: =VLOOKUP(H214,Rosetas!A:H,3,FALSE()) -> 17 | H214: 1-346
A215: =Repartidores!A215 -> 1 | B215: =Repartidores!B215 -> 1 | C215: =Repartidores!C215 -> 5 | D215: =Repartidores!D215 -> 22 | E215: =Repartidores!E215 -> - | F215: =Repartidores!F215 -> 48 | G215: =VLOOKUP(H215,Rosetas!A:H,3,FALSE()) -> -
A216: =Repartidores!A216 -> 1 | B216: =Repartidores!B216 -> 1 | C216: =Repartidores!C216 -> 5 | D216: =Repartidores!D216 -> 23 | E216: =Repartidores!E216 -> 617 | F216: =Repartidores!F216 -> 44 | G216: =VLOOKUP(H216,Rosetas!A:H,3,FALSE()) -> 9 | H216: 1-191
A217: =Repartidores!A217 -> 1 | B217: =Repartidores!B217 -> 1 | C217: =Repartidores!C217 -> 5 | D217: =Repartidores!D217 -> 24 | E217: =Repartidores!E217 -> - | F217: =Repartidores!F217 -> 48 | G217: =VLOOKUP(H217,Rosetas!A:H,3,FALSE()) -> -
A218: =Repartidores!A218 -> 1 | B218: =Repartidores!B218 -> 1 | C218: =Repartidores!C218 -> 5 | D218: =Repartidores!D218 -> 25 | E218: =Repartidores!E218 -> 527 | F218: =Repartidores!F218 -> 48 | G218: =VLOOKUP(H218,Rosetas!A:H,3,FALSE()) -> 4 | H218: 1-091
A219: =Repartidores!A219 -> 1 | B219: =Repartidores!B219 -> 1 | C219: =Repartidores!C219 -> 5 | D219: =Repartidores!D219 -> 26 | E219: =Repartidores!E219 -> - | F219: =Repartidores!F219 -> 48 | G219: =VLOOKUP(H219,Rosetas!A:H,3,FALSE()) -> -
A220: =Repartidores!A220 -> 1 | B220: =Repartidores!B220 -> 1 | C220: =Repartidores!C220 -> 5 | D220: =Repartidores!D220 -> 27 | E220: =Repartidores!E220 -> A79 | F220: =Repartidores!F220 -> 48 | G220: =VLOOKUP(H220,Rosetas!A:H,3,FALSE()) -> 5 | H220: 1-117
A221: =Repartidores!A221 -> 1 | B221: =Repartidores!B221 -> 1 | C221: =Repartidores!C221 -> 5 | D221: =Repartidores!D221 -> 28 | E221: =Repartidores!E221 -> - | F221: =Repartidores!F221 -> 48 | G221: =VLOOKUP(H221,Rosetas!A:H,3,FALSE()) -> -
A222: =Repartidores!A222 -> 1 | B222: =Repartidores!B222 -> 1 | C222: =Repartidores!C222 -> 5 | D222: =Repartidores!D222 -> 29 | E222: =Repartidores!E222 -> A82 | F222: =Repartidores!F222 -> 48 | G222: =VLOOKUP(H222,Rosetas!A:H,3,FALSE()) -> 12 | H222: 1-234
A223: =Repartidores!A223 -> 1 | B223: =Repartidores!B223 -> 1 | C223: =Repartidores!C223 -> 5 | D223: =Repartidores!D223 -> 30 | E223: =Repartidores!E223 -> - | F223: =Repartidores!F223 -> 48 | G223: =VLOOKUP(H223,Rosetas!A:H,3,FALSE()) -> -
A224: =Repartidores!A224 -> 1 | B224: =Repartidores!B224 -> 1 | C224: =Repartidores!C224 -> 5 | D224: =Repartidores!D224 -> 31 | E224: =Repartidores!E224 -> A24 | F224: =Repartidores!F224 -> 48 | G224: =VLOOKUP(H224,Rosetas!A:H,3,FALSE()) -> 2 | H224: 1-045
A225: =Repartidores!A225 -> 1 | B225: =Repartidores!B225 -> 1 | C225: =Repartidores!C225 -> 5 | D225: =Repartidores!D225 -> 32 | E225: =Repartidores!E225 -> - | F225: =Repartidores!F225 -> 48 | G225: =VLOOKUP(H225,Rosetas!A:H,3,FALSE()) -> -
A226: =Repartidores!A226 -> 1 | B226: =Repartidores!B226 -> 1 | C226: =Repartidores!C226 -> 5 | D226: =Repartidores!D226 -> 33 | E226: =Repartidores!E226 -> A72 | F226: =Repartidores!F226 -> 48 | G226: =VLOOKUP(H226,Rosetas!A:H,3,FALSE()) -> 3 | H226: 1-066
A227: =Repartidores!A227 -> 1 | B227: =Repartidores!B227 -> 1 | C227: =Repartidores!C227 -> 5 | D227: =Repartidores!D227 -> 34 | E227: =Repartidores!E227 -> - | F227: =Repartidores!F227 -> 48 | G227: =VLOOKUP(H227,Rosetas!A:H,3,FALSE()) -> -
A228: =Repartidores!A228 -> 1 | B228: =Repartidores!B228 -> 1 | C228: =Repartidores!C228 -> 5 | D228: =Repartidores!D228 -> 35 | E228: =Repartidores!E228 -> A85 | F228: =Repartidores!F228 -> 48 | G228: =VLOOKUP(H228,Rosetas!A:H,3,FALSE()) -> 4 | H228: 1-073
A229: =Repartidores!A229 -> 1 | B229: =Repartidores!B229 -> 1 | C229: =Repartidores!C229 -> 5 | D229: =Repartidores!D229 -> 36 | E229: =Repartidores!E229 -> - | F229: =Repartidores!F229 -> 48 | G229: =VLOOKUP(H229,Rosetas!A:H,3,FALSE()) -> -
A230: =Repartidores!A230 -> 1 | B230: =Repartidores!B230 -> 1 | C230: =Repartidores!C230 -> 5 | D230: =Repartidores!D230 -> 37 | E230: =Repartidores!E230 -> A83 | F230: =Repartidores!F230 -> 48 | G230: =VLOOKUP(H230,Rosetas!A:H,3,FALSE()) -> 17 | H230: 1-344
A231: =Repartidores!A231 -> 1 | B231: =Repartidores!B231 -> 1 | C231: =Repartidores!C231 -> 5 | D231: =Repartidores!D231 -> 38 | E231: =Repartidores!E231 -> - | F231: =Repartidores!F231 -> 48 | G231: =VLOOKUP(H231,Rosetas!A:H,3,FALSE()) -> -
A232: =Repartidores!A232 -> 1 | B232: =Repartidores!B232 -> 1 | C232: =Repartidores!C232 -> 5 | D232: =Repartidores!D232 -> 39 | E232: =Repartidores!E232 -> - | F232: =Repartidores!F232 -> 48 | G232: =VLOOKUP(H232,Rosetas!A:H,3,FALSE()) -> -
A233: =Repartidores!A233 -> 1 | B233: =Repartidores!B233 -> 1 | C233: =Repartidores!C233 -> 5 | D233: =Repartidores!D233 -> 40 | E233: =Repartidores!E233 -> - | F233: =Repartidores!F233 -> 48 | G233: =VLOOKUP(H233,Rosetas!A:H,3,FALSE()) -> -
A234: =Repartidores!A234 -> 1 | B234: =Repartidores!B234 -> 1 | C234: =Repartidores!C234 -> 5 | D234: =Repartidores!D234 -> 41 | E234: =Repartidores!E234 -> - | F234: =Repartidores!F234 -> 48 | G234: =VLOOKUP(H234,Rosetas!A:H,3,FALSE()) -> -
A235: =Repartidores!A235 -> 1 | B235: =Repartidores!B235 -> 1 | C235: =Repartidores!C235 -> 5 | D235: =Repartidores!D235 -> 42 | E235: =Repartidores!E235 -> - | F235: =Repartidores!F235 -> 48 | G235: =VLOOKUP(H235,Rosetas!A:H,3,FALSE()) -> -
A236: =Repartidores!A236 -> 1 | B236: =Repartidores!B236 -> 1 | C236: =Repartidores!C236 -> 5 | D236: =Repartidores!D236 -> 43 | E236: =Repartidores!E236 -> - | F236: =Repartidores!F236 -> 48 | G236: =VLOOKUP(H236,Rosetas!A:H,3,FALSE()) -> -
A237: =Repartidores!A237 -> 1 | B237: =Repartidores!B237 -> 1 | C237: =Repartidores!C237 -> 5 | D237: =Repartidores!D237 -> 44 | E237: =Repartidores!E237 -> - | F237: =Repartidores!F237 -> 48 | G237: =VLOOKUP(H237,Rosetas!A:H,3,FALSE()) -> -
A238: =Repartidores!A238 -> 1 | B238: =Repartidores!B238 -> 1 | C238: =Repartidores!C238 -> 5 | D238: =Repartidores!D238 -> 45 | E238: =Repartidores!E238 -> - | F238: =Repartidores!F238 -> 48 | G238: =VLOOKUP(H238,Rosetas!A:H,3,FALSE()) -> -
A239: =Repartidores!A239 -> 1 | B239: =Repartidores!B239 -> 1 | C239: =Repartidores!C239 -> 5 | D239: =Repartidores!D239 -> 46 | E239: =Repartidores!E239 -> - | F239: =Repartidores!F239 -> 48 | G239: =VLOOKUP(H239,Rosetas!A:H,3,FALSE()) -> -
A240: =Repartidores!A240 -> 1 | B240: =Repartidores!B240 -> 1 | C240: =Repartidores!C240 -> 5 | D240: =Repartidores!D240 -> 47 | E240: =Repartidores!E240 -> - | F240: =Repartidores!F240 -> 48 | G240: =VLOOKUP(H240,Rosetas!A:H,3,FALSE()) -> -
A241: =Repartidores!A241 -> 1 | B241: =Repartidores!B241 -> 1 | C241: =Repartidores!C241 -> 5 | D241: =Repartidores!D241 -> 48 | E241: =Repartidores!E241 -> - | F241: =Repartidores!F241 -> 48 | G241: =VLOOKUP(H241,Rosetas!A:H,3,FALSE()) -> -
A242: =Repartidores!A242 -> 2 | B242: =Repartidores!B242 -> 1 | C242: =Repartidores!C242 -> 1 | D242: =Repartidores!D242 -> 1 | E242: =Repartidores!E242 -> 1145 | F242: =Repartidores!F242 -> 50 | G242: =VLOOKUP(H242,Rosetas!A:H,3,FALSE()) -> 1 | H242: 2-009
A243: =Repartidores!A243 -> 2 | B243: =Repartidores!B243 -> 1 | C243: =Repartidores!C243 -> 1 | D243: =Repartidores!D243 -> 2 | E243: =Repartidores!E243 -> 294 | F243: =Repartidores!F243 -> 50 | G243: =VLOOKUP(H243,Rosetas!A:H,3,FALSE()) -> 1 | H243: 2-011
A244: =Repartidores!A244 -> 2 | B244: =Repartidores!B244 -> 1 | C244: =Repartidores!C244 -> 1 | D244: =Repartidores!D244 -> 3 | E244: =Repartidores!E244 -> 1147 | F244: =Repartidores!F244 -> 66 | G244: =VLOOKUP(H244,Rosetas!A:H,3,FALSE()) -> 1 | H244: 2-013
A245: =Repartidores!A245 -> 2 | B245: =Repartidores!B245 -> 1 | C245: =Repartidores!C245 -> 1 | D245: =Repartidores!D245 -> 4 | E245: =Repartidores!E245 -> 1148 | F245: =Repartidores!F245 -> 45 | G245: =VLOOKUP(H245,Rosetas!A:H,3,FALSE()) -> 1 | H245: 2-001
A246: =Repartidores!A246 -> 2 | B246: =Repartidores!B246 -> 1 | C246: =Repartidores!C246 -> 1 | D246: =Repartidores!D246 -> 5 | E246: =Repartidores!E246 -> 1149 | F246: =Repartidores!F246 -> 50 | G246: =VLOOKUP(H246,Rosetas!A:H,3,FALSE()) -> 1 | H246: 2-020
A247: =Repartidores!A247 -> 2 | B247: =Repartidores!B247 -> 1 | C247: =Repartidores!C247 -> 1 | D247: =Repartidores!D247 -> 6 | E247: =Repartidores!E247 -> 1150 | F247: =Repartidores!F247 -> 50 | G247: =VLOOKUP(H247,Rosetas!A:H,3,FALSE()) -> 1 | H247: 2-015
A248: =Repartidores!A248 -> 2 | B248: =Repartidores!B248 -> 1 | C248: =Repartidores!C248 -> 1 | D248: =Repartidores!D248 -> 7 | E248: =Repartidores!E248 -> 1151 | F248: =Repartidores!F248 -> 50 | G248: =VLOOKUP(H248,Rosetas!A:H,3,FALSE()) -> 2 | H248: 2-031
A249: =Repartidores!A249 -> 2 | B249: =Repartidores!B249 -> 1 | C249: =Repartidores!C249 -> 1 | D249: =Repartidores!D249 -> 8 | E249: =Repartidores!E249 -> 1152 | F249: =Repartidores!F249 -> 50 | G249: =VLOOKUP(H249,Rosetas!A:H,3,FALSE()) -> 1 | H249: 2-019
A250: =Repartidores!A250 -> 2 | B250: =Repartidores!B250 -> 1 | C250: =Repartidores!C250 -> 1 | D250: =Repartidores!D250 -> 9 | E250: =Repartidores!E250 -> 1153 | F250: =Repartidores!F250 -> 45 | G250: =VLOOKUP(H250,Rosetas!A:H,3,FALSE()) -> 3 | H250: 2-070
A251: =Repartidores!A251 -> 2 | B251: =Repartidores!B251 -> 1 | C251: =Repartidores!C251 -> 1 | D251: =Repartidores!D251 -> 10 | E251: =Repartidores!E251 -> 085 | F251: =Repartidores!F251 -> 50 | G251: =VLOOKUP(H251,Rosetas!A:H,3,FALSE()) -> 2 | H251: 2-036
A252: =Repartidores!A252 -> 2 | B252: =Repartidores!B252 -> 1 | C252: =Repartidores!C252 -> 1 | D252: =Repartidores!D252 -> 11 | E252: =Repartidores!E252 -> 1155 | F252: =Repartidores!F252 -> 50 | G252: =VLOOKUP(H252,Rosetas!A:H,3,FALSE()) -> 2 | H252: 2-033
A253: =Repartidores!A253 -> 2 | B253: =Repartidores!B253 -> 1 | C253: =Repartidores!C253 -> 1 | D253: =Repartidores!D253 -> 12 | E253: =Repartidores!E253 -> 1156 | F253: =Repartidores!F253 -> 50 | G253: =VLOOKUP(H253,Rosetas!A:H,3,FALSE()) -> 2 | H253: 2-043
... A425: =Repartidores!A425 -> 2 | B425: =Repartidores!B425 -> 2 | C425: =Repartidores!C425 -> 1 | D425: =Repartidores!D425 -> 40 | E425: =Repartidores!E425 -> 1328 | F425: =Repartidores!F425 -> 50 | G425: =VLOOKUP(H425,Rosetas!A:H,3,FALSE()) -> 13 | H425: 2-292
A426: =Repartidores!A426 -> 2 | B426: =Repartidores!B426 -> 2 | C426: =Repartidores!C426 -> 1 | D426: =Repartidores!D426 -> 41 | E426: =Repartidores!E426 -> 1327 | F426: =Repartidores!F426 -> 50 | G426: =VLOOKUP(H426,Rosetas!A:H,3,FALSE()) -> -
A427: =Repartidores!A427 -> 2 | B427: =Repartidores!B427 -> 2 | C427: =Repartidores!C427 -> 1 | D427: =Repartidores!D427 -> 42 | E427: =Repartidores!E427 -> 1330 | F427: =Repartidores!F427 -> 50 | G427: =VLOOKUP(H427,Rosetas!A:H,3,FALSE()) -> 12 | H427: 2-274
A428: =Repartidores!A428 -> 2 | B428: =Repartidores!B428 -> 2 | C428: =Repartidores!C428 -> 1 | D428: =Repartidores!D428 -> 43 | E428: =Repartidores!E428 -> 1331 | F428: =Repartidores!F428 -> 50 | G428: =VLOOKUP(H428,Rosetas!A:H,3,FALSE()) -> 14 | H428: 2-331
A429: =Repartidores!A429 -> 2 | B429: =Repartidores!B429 -> 2 | C429: =Repartidores!C429 -> 1 | D429: =Repartidores!D429 -> 44 | E429: =Repartidores!E429 -> 457 | F429: =Repartidores!F429 -> 50 | G429: =VLOOKUP(H429,Rosetas!A:H,3,FALSE()) -> 14 | H429: 2-313
A430: =Repartidores!A430 -> 2 | B430: =Repartidores!B430 -> 2 | C430: =Repartidores!C430 -> 1 | D430: =Repartidores!D430 -> 45 | E430: =Repartidores!E430 -> 1333 | F430: =Repartidores!F430 -> 50 | G430: =VLOOKUP(H430,Rosetas!A:H,3,FALSE()) -> 11 | H430: 2-262
A431: =Repartidores!A431 -> 2 | B431: =Repartidores!B431 -> 2 | C431: =Repartidores!C431 -> 1 | D431: =Repartidores!D431 -> 46 | E431: =Repartidores!E431 -> 1334 | F431: =Repartidores!F431 -> 50 | G431: =VLOOKUP(H431,Rosetas!A:H,3,FALSE()) -> 11 | H431: 2-263
A432: =Repartidores!A432 -> 2 | B432: =Repartidores!B432 -> 2 | C432: =Repartidores!C432 -> 1 | D432: =Repartidores!D432 -> 47 | E432: =Repartidores!E432 -> 1335 | F432: =Repartidores!F432 -> 50 | G432: =VLOOKUP(H432,Rosetas!A:H,3,FALSE()) -> 11 | H432: 2-264
A433: =Repartidores!A433 -> 2 | B433: =Repartidores!B433 -> 2 | C433: =Repartidores!C433 -> 1 | D433: =Repartidores!D433 -> 48 | E433: =Repartidores!E433 -> 1336 | F433: =Repartidores!F433 -> 50 | G433: =VLOOKUP(H433,Rosetas!A:H,3,FALSE()) -> 10 | H433: 2-220
A434: =Repartidores!A434 -> 2 | B434: =Repartidores!B434 -> 2 | C434: =Repartidores!C434 -> 2 | D434: =Repartidores!D434 -> 1 | E434: =Repartidores!E434 -> 256 | F434: =Repartidores!F434 -> 45 | G434: =VLOOKUP(H434,Rosetas!A:H,3,FALSE()) -> 14 | H434: 2-336
A435: =Repartidores!A435 -> 2 | B435: =Repartidores!B435 -> 2 | C435: =Repartidores!C435 -> 2 | D435: =Repartidores!D435 -> 2 | E435: =Repartidores!E435 -> 475 | F435: =Repartidores!F435 -> 45 | G435: =VLOOKUP(H435,Rosetas!A:H,3,FALSE()) -> 16 | H435: 2-376
A436: =Repartidores!A436 -> 2 | B436: =Repartidores!B436 -> 2 | C436: =Repartidores!C436 -> 2 | D436: =Repartidores!D436 -> 3 | E436: =Repartidores!E436 -> 404 | F436: =Repartidores!F436 -> 45 | G436: =VLOOKUP(H436,Rosetas!A:H,3,FALSE()) -> 14 | H436: 2-325
A437: =Repartidores!A437 -> 2 | B437: =Repartidores!B437 -> 2 | C437: =Repartidores!C437 -> 2 | D437: =Repartidores!D437 -> 4 | E437: =Repartidores!E437 -> 163 | F437: =Repartidores!F437 -> 45 | G437: =VLOOKUP(H437,Rosetas!A:H,3,FALSE()) -> 16 | H437: 2-373
A438: =Repartidores!A438 -> 2 | B438: =Repartidores!B438 -> 2 | C438: =Repartidores!C438 -> 2 | D438: =Repartidores!D438 -> 5 | E438: =Repartidores!E438 -> 346 | F438: =Repartidores!F438 -> 50 | G438: =VLOOKUP(H438,Rosetas!A:H,3,FALSE()) -> 19 | H438: 2-436
... A450: =Repartidores!A450 -> 2 | B450: =Repartidores!B450 -> 2 | C450: =Repartidores!C450 -> 2 | D450: =Repartidores!D450 -> 17 | E450: =Repartidores!E450 -> 1353 | F450: =Repartidores!F450 -> 50 | G450: =VLOOKUP(H450,Rosetas!A:H,3,FALSE()) -> 17 | H450: 2-396
A451: =Repartidores!A451 -> 2 | B451: =Repartidores!B451 -> 2 | C451: =Repartidores!C451 -> 2 | D451: =Repartidores!D451 -> 18 | E451: =Repartidores!E451 -> 1354 | F451: =Repartidores!F451 -> 50 | G451: =VLOOKUP(H451,Rosetas!A:H,3,FALSE()) -> 12 | H451: 2-284 | K451: agarces
A452: =Repartidores!A452 -> 2 | B452: =Repartidores!B452 -> 2 | C452: =Repartidores!C452 -> 2 | D452: =Repartidores!D452 -> 19 | E452: =Repartidores!E452 -> 1355 | F452: =Repartidores!F452 -> 50 | G452: =VLOOKUP(H452,Rosetas!A:H,3,FALSE()) -> 12 | H452: 2-285
A453: =Repartidores!A453 -> 2 | B453: =Repartidores!B453 -> 2 | C453: =Repartidores!C453 -> 2 | D453: =Repartidores!D453 -> 20 | E453: =Repartidores!E453 -> 1356 | F453: =Repartidores!F453 -> 50 | G453: =VLOOKUP(H453,Rosetas!A:H,3,FALSE()) -> 12 | H453: 2-286
A454: =Repartidores!A454 -> 2 | B454: =Repartidores!B454 -> 2 | C454: =Repartidores!C454 -> 2 | D454: =Repartidores!D454 -> 21 | E454: =Repartidores!E454 -> 1357 | F454: =Repartidores!F454 -> 50 | G454: =VLOOKUP(H454,Rosetas!A:H,3,FALSE()) -> 12 | H454: 2-287
A455: =Repartidores!A455 -> 2 | B455: =Repartidores!B455 -> 2 | C455: =Repartidores!C455 -> 2 | D455: =Repartidores!D455 -> 22 | E455: =Repartidores!E455 -> 1358 | F455: =Repartidores!F455 -> 45 | G455: =VLOOKUP(H455,Rosetas!A:H,3,FALSE()) -> 17 | H455: 2-395
A456: =Repartidores!A456 -> 2 | B456: =Repartidores!B456 -> 2 | C456: =Repartidores!C456 -> 2 | D456: =Repartidores!D456 -> 23 | E456: =Repartidores!E456 -> 1359 | F456: =Repartidores!F456 -> 50 | G456: =VLOOKUP(H456,Rosetas!A:H,3,FALSE()) -> 12 | H456: 2-282
A457: =Repartidores!A457 -> 2 | B457: =Repartidores!B457 -> 2 | C457: =Repartidores!C457 -> 2 | D457: =Repartidores!D457 -> 24 | E457: =Repartidores!E457 -> 1360 | F457: =Repartidores!F457 -> 50 | G457: =VLOOKUP(H457,Rosetas!A:H,3,FALSE()) -> 12 | H457: 2-283
A458: =Repartidores!A458 -> 2 | B458: =Repartidores!B458 -> 2 | C458: =Repartidores!C458 -> 2 | D458: =Repartidores!D458 -> 25 | E458: =Repartidores!E458 -> 1361 | F458: =Repartidores!F458 -> 50 | G458: =VLOOKUP(H458,Rosetas!A:H,3,FALSE()) -> 13 | H458: 2-289
A459: =Repartidores!A459 -> 2 | B459: =Repartidores!B459 -> 2 | C459: =Repartidores!C459 -> 2 | D459: =Repartidores!D459 -> 26 | E459: =Repartidores!E459 -> 1362 | F459: =Repartidores!F459 -> 50 | G459: =VLOOKUP(H459,Rosetas!A:H,3,FALSE()) -> 13 | H459: 2-290
A460: =Repartidores!A460 -> 2 | B460: =Repartidores!B460 -> 2 | C460: =Repartidores!C460 -> 2 | D460: =Repartidores!D460 -> 27 | E460: =Repartidores!E460 -> 1363 | F460: =Repartidores!F460 -> 50 | G460: =VLOOKUP(H460,Rosetas!A:H,3,FALSE()) -> 13 | H460: 2-291
A461: =Repartidores!A461 -> 2 | B461: =Repartidores!B461 -> 2 | C461: =Repartidores!C461 -> 2 | D461: =Repartidores!D461 -> 28 | E461: =Repartidores!E461 -> 1364 | F461: =Repartidores!F461 -> 50 | G461: =VLOOKUP(H461,Rosetas!A:H,3,FALSE()) -> 19 | H461: 2-434
A462: =Repartidores!A462 -> 2 | B462: =Repartidores!B462 -> 2 | C462: =Repartidores!C462 -> 2 | D462: =Repartidores!D462 -> 29 | E462: =Repartidores!E462 -> 1365 | F462: =Repartidores!F462 -> 50 | G462: =VLOOKUP(H462,Rosetas!A:H,3,FALSE()) -> 13 | H462: 2-293
...
